insert into gas_station.person (id, address, birth_date, company, document, email, employment_date, fullname, phone, position, salary, ssn)
    values (100, '4689 Patton Lane, Mebane, North Carolina(NC), 27302', '1973-06-20', 'Independent Wealth Management', '907624790', 'verda1994@yahoo.com', '2010-06-05', 'Christopher T Newsome', '336-907-9691', 'Production, Planning, and Expediting Clerk', 8200, '245-46-1693');
insert into gas_station.person (id, address, birth_date, company, document, email, employment_date, fullname, phone, position, salary, ssn)
    values (101, '3678 Poe Road, Mount Pleasant, South Carolina(SC), 29464', '1984-08-10', 'Listenin', '451788724', 'tevin2006@gmail.com', '2005-01-20', 'Norman D Wright', '803-237-9390', 'Air Crew Officer', 4200, '249-92-6979');
insert into gas_station.person (id, address, birth_date, company, document, email, employment_date, fullname, phone, position, salary, ssn)
    values (102, '3811 Euclid Avenue, Los Angeles, California(CA), 90017', '1980-08-12', 'Red Robin Stores', '262592785', 'vergie1975@hotmail.com', '2015-06-02', 'Stephen V Moore', '323-371-4382', 'Cook, Fast Food', 6800, '623-23-7602');
insert into gas_station.person (id, address, birth_date, company, document, email, employment_date, fullname, phone, position, salary, ssn)
    values (103, '2275 Sundown Lane', '1981-05-04', 'EnviroSource Design', '642712870', 'lilliana.bro@gmail.com', '2012-08-15', 'Brian J Stewart', '512-209-6087', 'Credit Authorizer, Checker, and Clerk', 4700, '630-76-5702');
insert into gas_station.person (id, address, birth_date, company, document, email, employment_date, fullname, phone, position, salary, ssn)
    values (104, '4826 Village View Drive, Fort Myers, Florida(FL), 33901', '1985-11-12', 'Opti-Tek', '438788399', 'arnaldo1978@gmail.com', '2013-05-23', 'Bonnie C Robinson', '813-795-5276', 'Medical Equipment Preparer', 30000, '263-66-8819');
insert into gas_station.person (id, address, birth_date, company, document, email, employment_date, fullname, phone, position, salary, ssn)
    values (105, '4767 Brentwood Drive, Austin, Texas(TX), 78744', '1986-05-25', 'Zantigo', '996815873', 'laurel1971@gmail.com', '2016-12-15', 'Kevin B Estrada', '512-217-5544', 'Forest Fire Fighting and Prevention Supervisor', 4400, '463-25-2160');
insert into gas_station.person (id, address, birth_date, company, document, email, employment_date, fullname, phone, position, salary, ssn)
    values (106, '40 Dane Street, Elk, Washington(WA), 99009', '1990-02-22', 'Britches of Georgetown', '617939867', 'cleora_rolfs@gmail.com', '2017-11-05', 'Richard D Andrews', '509-731-1543', 'Welder, Cutter, and Welder Fitter', 2200, '533-86-9187');
insert into gas_station.person (id, address, birth_date, company, document, email, employment_date, fullname, phone, position, salary, ssn)
    values (107, '961 Shingleton Road, Climax, Michigan(MI), 49034', '1979-11-25', 'Fayva', '594741484', 'macy_spink3@gmail.com', '2005-10-29', 'Jeannine R Whitacre', '734-204-9785', 'Dental Laboratory Technician', 3900, '371-68-5308');
insert into gas_station.person (id, address, birth_date, company, document, email, employment_date, fullname, phone, position, salary, ssn)
    values (108, '318 Davis Avenue, Bridgeville, California(CA), 95526', '1988-01-05', 'Morrison', '228323007', 'kamryn.bauc4@gmail.com', '2015-10-15', 'Robyn J March', '714-944-3014', 'Market Research Analyst and Marketing Specialist', 2000, '572-66-9746');
insert into gas_station.person (id, address, birth_date, company, document, email, employment_date, fullname, phone, position, salary, ssn)
    values (109, '4723 Hall Valley Drive, Point Pleasant, West Virginia(WV), 25550', '1990-02-10', 'Modern Architecture Design', '444007006', 'shanny_scho@gmail.com', '2012-12-13', 'Candace A Head', '304-593-8266', 'Business Teacher, Postsecondary', 4100, '232-10-9765');
insert into gas_station.person (id, address, birth_date, company, document, email, employment_date, fullname, phone, position, salary, ssn)
    values (110, '4724 Golden Ridge Road, Schenectady, New York(NY), 12303', '1975-05-05', 'Wholesale Club, Inc.', '670006844', 'gladyce_tillm@yahoo.com', '2012-02-15', 'Richard I Hall', '518-341-8270', 'Medical Equipment Repairer', 8800, '067-66-7280');
insert into gas_station.person (id, address, birth_date, company, document, email, employment_date, fullname, phone, position, salary, ssn)
    values (111, '4772 Pineview Drive, Houston, Minnesota(MN), 55943', '1989-04-01', 'Asian Solutions', '396560375', 'maureen1993@hotmail.com', '2015-06-02', 'Noelle S Rainwater', '651-373-4385', 'Architect, Except Landscape and Naval', 4700, '475-21-7846');

insert into gas_station.user (id, ident, username, person_id, password) values (100, uuid(), 'verda1994@yahoo.com',     100, '864-481-2631');
insert into gas_station.user (id, ident, username, person_id, password) values (101, uuid(), 'tevin2006@gmail.com',     101, '720-247-8930');
insert into gas_station.user (id, ident, username, person_id, password) values (102, uuid(), 'vergie1975@hotmail.com',  102, '336-545-9250');
insert into gas_station.user (id, ident, username, person_id, password) values (103, uuid(), 'lilliana.bro@gmail.com',  103, '724-532-7936');
insert into gas_station.user (id, ident, username, person_id, password) values (104, uuid(), 'arnaldo1978@gmail.com',   104, '650-898-7615');
insert into gas_station.user (id, ident, username, person_id, password) values (105, uuid(), 'laurel1971@gmail.com',    105, '317-980-8405');
insert into gas_station.user (id, ident, username, person_id, password) values (106, uuid(), 'cleora_rolfs@gmail.com',  106, '573-439-5499');
insert into gas_station.user (id, ident, username, person_id, password) values (107, uuid(), 'macy_spink3@gmail.com',   107, '570-232-2889');
insert into gas_station.user (id, ident, username, person_id, password) values (108, uuid(), 'kamryn.bauc4@gmail.com',  108, '972-669-4468');
insert into gas_station.user (id, ident, username, person_id, password) values (109, uuid(), 'shanny_scho@gmail.com',   109, '206-740-3363');
insert into gas_station.user (id, ident, username, person_id, password) values (110, uuid(), 'gladyce_tillm@yahoo.com', 110, '864-596-5642');
insert into gas_station.user (id, ident, username, person_id, password) values (111, uuid(), 'maureen1993@hotmail.com', 111, '361-348-6501');

/*********************************

*** ADMIN ***
maureen1993@hotmail.com
361-348-6501

*** SELLER ***
verda1994@yahoo.com
864-481-2631

************************************/




insert into gas_station.transaction (id, amount, description, payer_id, recipient_id)
values (100, 25000, 'Lorem Ipsum is simply dummy text', 100, 107);
insert into gas_station.user_transaction_rel (user_id, transaction_id) values (100, 107);

insert into gas_station.transaction (id, amount, description, payer_id, recipient_id)
values (101, 5000, 'Lorem Ipsum has been the industrys standard dummy ', 102, 107);
insert into gas_station.user_transaction_rel (user_id, transaction_id) values (102, 107);

insert into gas_station.transaction (id, amount, description, payer_id, recipient_id)
values (102, 7500, 'It is a long established fact that a reader will be distracted by the readable content', 104, 107);
insert into gas_station.user_transaction_rel (user_id, transaction_id) values (104, 107);

insert into gas_station.transaction (id, amount, description, payer_id, recipient_id)
values (103, 12400, 'Lorem Ipsum is simply dummy text', 108, 105);
insert into gas_station.user_transaction_rel (user_id, transaction_id) values (108, 105);

insert into gas_station.transaction (id, amount, description, payer_id, recipient_id)
values (104, 6700, 'The point of using Lorem Ipsum', 103, 104);
insert into gas_station.user_transaction_rel (user_id, transaction_id) values (103, 104);

insert into gas_station.transaction (id, amount, description, payer_id, recipient_id)
values (105, 10000, 'making it look like readable English', 103, 105);
insert into gas_station.user_transaction_rel (user_id, transaction_id) values (103, 105);

insert into gas_station.transaction (id, amount, description, payer_id, recipient_id)
values (106, 24000, 'Many desktop publishing packages', 105, 107);
insert into gas_station.user_transaction_rel (user_id, transaction_id) values (105, 107);

insert into gas_station.transaction (id, amount, description, payer_id, recipient_id)
values (107, 2000, 'Lorem Ipsum as their default model text', 102, 110);
insert into gas_station.user_transaction_rel (user_id, transaction_id) values (102, 110);

insert into gas_station.transaction (id, amount, description, payer_id, recipient_id)
values (108, 18000, 'search for "lorem ipsum" will uncover many web sites', 110, 107);
insert into gas_station.user_transaction_rel (user_id, transaction_id) values (110, 107);

insert into gas_station.transaction (id, amount, description, payer_id, recipient_id)
values (109, 30000, 'Various versions have evolved over the years', 109, 100);
insert into gas_station.user_transaction_rel (user_id, transaction_id) values (109, 100);

insert into gas_station.transaction (id, amount, description, payer_id, recipient_id)
values (110, 9200, 'sometimes by accident, sometimes on purpose', 106, 108);
insert into gas_station.user_transaction_rel (user_id, transaction_id) values (106, 108);

insert into gas_station.transaction (id, amount, description, payer_id, recipient_id)
values (111, 5600, 'There are many variations of passages of Lorem Ipsum', 104, 108);
insert into gas_station.user_transaction_rel (user_id, transaction_id) values (104, 108);


insert into gas_station.product (id, name, price) values (100, 'petrol 92', 0.60);
insert into gas_station.product (id, name, price) values (101, 'petrol 95', 0.70);
insert into gas_station.product (id, name, price) values (102, 'petrol 98', 0.77);
insert into gas_station.product (id, name, price) values (103, 'diesel', 0.78);
insert into gas_station.product (id, name, price) values (104, 'coffee', 1.00);
insert into gas_station.product (id, name, price) values (105, 'tea', 0.50);
insert into gas_station.product (id, name, price) values (106, 'water', 0.20);
insert into gas_station.product (id, name, price) values (107, 'oil', 20.00);
insert into gas_station.product (id, name, price) values (108, 'antifreeze', 15.00);
insert into gas_station.product (id, name, price) values (109, 'battery', 120.00);
insert into gas_station.product (id, name, price) values (110, 'beer', 2.00);
insert into gas_station.product (id, name, price) values (111, 'Coca-Cola', 1.00);
insert into gas_station.product (id, name, price) values (112, 'air-fresher', 0.15);


insert into gas_station.role (id, description, name) values (100, 'Administrator', 'admin');
insert into gas_station.role (id, description, name) values (101, 'Technical', 'tech');
insert into gas_station.role (id, description, name) values (102, 'Customer', 'customer');
insert into gas_station.role (id, description, name) values (103, 'Seller', 'seller');

insert into gas_station.permission (id, name, url) values (100, 'ALL', '/*');
insert into gas_station.permission (id, name, url) values (101, 'POS_TERMINAL', '/pos_terminal/*');
insert into gas_station.permission (id, name, url) values (102, 'MOBILE_APP', '/mobile/*');
insert into gas_station.permission (id, name, url) values (103, 'USER_PROFILE', '/user/*');

insert into gas_station.role_permission_rel (role_id, permission_id) values (100, 100);
insert into gas_station.role_permission_rel (role_id, permission_id) values (101, 100);
insert into gas_station.role_permission_rel (role_id, permission_id) values (102, 102);
insert into gas_station.role_permission_rel (role_id, permission_id) values (103, 101);

update gas_station.user set role_id = 100 where id = 111;
update gas_station.user set role_id = 103 where id between 100 and 103;

/*
insert into gas_station.user_role_rel (user_id, role_id) values (100, 103);
insert into gas_station.user_role_rel (user_id, role_id) values (101, 103);
insert into gas_station.user_role_rel (user_id, role_id) values (102, 103);
insert into gas_station.user_role_rel (user_id, role_id) values (103, 103);
insert into gas_station.user_role_rel (user_id, role_id) values (111, 100);
*/

# update gas_station.user set ident = (select uuid())
